player name,userID,team,ViewDirectionX,ViewDirectionY,velocityX,velocityY,velocityZ,Health,Armor,HealthDamage,ArmorDamage,HealthDamageTake,ArmorDamageTaken,IsAirborne,Attacker Name,attackerID,AttackerWeapon,HitGroup
WÄ…â„“Ò¡Ã¯Å‹É  Ä‘ÎµÄ…Ä‘âœŸ,8,3,7.289429,359.192505,120.766945,153.860550,0.000000,0,100,454,0,100,0,false,zafar supari,3,,1
xD,11,3,0.000000,0.000000,0.000000,0.000000,0.000000,80,95,20,4,20,4,false,Pallav jani from pak,12,,2
xD,11,3,0.000000,0.000000,0.000000,0.000000,0.000000,0,95,118,0,80,0,false,Pallav jani from pak,12,,1
WÄ…â„“Ò¡Ã¯Å‹É  Ä‘ÎµÄ…Ä‘âœŸ,8,3,91.604004,8.047485,0.000000,0.000000,0.000000,0,100,117,0,100,0,false,zafar supari,3,,1
Pallav jani from pak,12,2,183.521118,359.121094,0.000000,0.000000,0.000000,53,98,47,1,47,1,false,xD,11,,2
Pallav jani from pak,12,2,194.743652,359.725342,-63.578369,28.985641,0.000000,0,95,59,2,53,2,false,xD,11,,3
Pallav jani from pak,12,2,179.829712,0.274658,-218.625504,-41.221485,0.000000,78,96,22,3,22,3,false,xD,11,,2
Pallav jani from pak,12,2,179.829712,0.274658,-107.167618,98.875671,0.000000,57,96,21,0,21,0,false,xD,11,,6
Pallav jani from pak,12,2,179.829712,0.274658,-105.562843,106.126541,0.000000,36,96,21,0,21,0,false,xD,11,,6
Pallav jani from pak,12,2,179.829712,0.274658,-49.608150,49.880760,0.000000,15,96,21,0,21,0,false,xD,11,,6
Pallav jani from pak,12,2,179.829712,0.274658,-50.501522,50.786346,0.000000,0,96,21,0,15,0,false,xD,11,,7
WÄ…â„“Ò¡Ã¯Å‹É  Ä‘ÎµÄ…Ä‘âœŸ,8,3,0.000000,0.000000,0.000000,0.000000,0.000000,0,100,111,0,100,0,false,zafar supari,3,,1
zafar supari,3,2,164.597168,23.318481,-178.431305,87.481430,-66.756622,78,100,22,0,22,0,true,WÄ…â„“Ò¡Ã¯Å‹É  Ä‘ÎµÄ…Ä‘âœŸ,8,,6
WÄ…â„“Ò¡Ã¯Å‹É  Ä‘ÎµÄ…Ä‘âœŸ,8,3,4.531860,347.288818,-3.225312,-71.196037,0.000000,72,95,28,4,28,4,false,zafar supari,3,,3
zafar supari,3,2,184.899902,32.557983,7.710773,25.725416,0.000000,50,95,28,4,28,4,false,WÄ…â„“Ò¡Ã¯Å‹É  Ä‘ÎµÄ…Ä‘âœŸ,8,,3
WÄ…â„“Ò¡Ã¯Å‹É  Ä‘ÎµÄ…Ä‘âœŸ,8,3,11.788330,338.137207,-0.706613,-15.597894,0.000000,49,91,23,3,23,3,false,zafar supari,3,,4
zafar supari,3,2,200.077515,31.459351,40.462818,-3.400043,0.000000,22,90,28,4,28,4,false,WÄ…â„“Ò¡Ã¯Å‹É  Ä‘ÎµÄ…Ä‘âœŸ,8,,3
zafar supari,3,2,195.842285,26.229858,-0.511273,23.672407,0.000000,0,86,23,3,22,3,false,WÄ…â„“Ò¡Ã¯Å‹É  Ä‘ÎµÄ…Ä‘âœŸ,8,,2
Pallav jani from pak,12,2,192.376099,343.449097,-11.927184,-5.402641,0.000000,67,97,33,3,33,3,false,xD,11,,0
Pallav jani from pak,12,2,195.512695,340.806885,0.000000,0.000000,0.000000,46,95,21,1,21,1,false,xD,11,,0
WÄ…â„“Ò¡Ã¯Å‹É  Ä‘ÎµÄ…Ä‘âœŸ,8,3,85.182495,0.219727,-191.791565,124.650673,0.000000,0,100,112,0,100,0,false,zafar supari,3,,1
Pallav jani from pak,12,2,195.622559,354.666138,0.000000,0.000000,0.000000,0,90,55,4,46,4,false,xD,11,,0
zafar supari,3,2,179.115601,0.714111,0.855950,151.657150,0.000000,78,96,22,3,22,3,false,WÄ…â„“Ò¡Ã¯Å‹É  Ä‘ÎµÄ…Ä‘âœŸ,8,,2
zafar supari,3,2,179.115601,0.714111,0.660257,59.901070,0.000000,56,92,22,3,22,3,false,WÄ…â„“Ò¡Ã¯Å‹É  Ä‘ÎµÄ…Ä‘âœŸ,8,,2
zafar supari,3,2,179.170532,0.714111,-0.339974,-22.007683,0.000000,34,88,22,3,22,3,false,WÄ…â„“Ò¡Ã¯Å‹É  Ä‘ÎµÄ…Ä‘âœŸ,8,,2
WÄ…â„“Ò¡Ã¯Å‹É  Ä‘ÎµÄ…Ä‘âœŸ,8,3,359.252930,6.597290,0.554811,40.199203,0.000000,0,100,116,0,100,0,false,zafar supari,3,,1
zafar supari,3,2,196.116943,2.087402,-71.981560,7.273681,0.000000,74,94,26,5,26,5,false,WÄ…â„“Ò¡Ã¯Å‹É  Ä‘ÎµÄ…Ä‘âœŸ,8,,2
zafar supari,3,2,201.176147,2.966309,0.000000,0.000000,0.000000,48,88,26,5,26,5,false,WÄ…â„“Ò¡Ã¯Å‹É  Ä‘ÎµÄ…Ä‘âœŸ,8,,2
WÄ…â„“Ò¡Ã¯Å‹É  Ä‘ÎµÄ…Ä‘âœŸ,8,3,23.757935,1.582031,0.000000,0.000000,0.000000,74,94,26,5,26,5,false,zafar supari,3,,2
zafar supari,3,2,204.477539,4.454956,0.000000,0.000000,0.000000,22,82,26,5,26,5,false,WÄ…â„“Ò¡Ã¯Å‹É  Ä‘ÎµÄ…Ä‘âœŸ,8,,2
zafar supari,3,2,204.093018,4.284668,22.083851,-48.809414,0.000000,0,76,26,5,22,5,false,WÄ…â„“Ò¡Ã¯Å‹É  Ä‘ÎµÄ…Ä‘âœŸ,8,,2
Pallav jani from pak,12,2,180.719604,0.384521,0.000000,0.000000,0.000000,0,100,131,0,100,0,false,xD,11,,1
zafar supari,3,2,165.366211,1.263428,16.174746,75.329155,0.000000,90,93,10,6,10,6,false,WÄ…â„“Ò¡Ã¯Å‹É  Ä‘ÎµÄ…Ä‘âœŸ,8,,2
zafar supari,3,2,163.333740,0.714111,0.000000,0.000000,0.000000,80,86,10,6,10,6,false,WÄ…â„“Ò¡Ã¯Å‹É  Ä‘ÎµÄ…Ä‘âœŸ,8,,2
WÄ…â„“Ò¡Ã¯Å‹É  Ä‘ÎµÄ…Ä‘âœŸ,8,3,342.800903,0.175781,0.000000,0.000000,0.000000,7,100,93,0,93,0,false,zafar supari,3,,1
WÄ…â„“Ò¡Ã¯Å‹É  Ä‘ÎµÄ…Ä‘âœŸ,8,3,342.713013,0.087891,19.444864,62.457161,0.000000,0,93,10,6,7,6,false,zafar supari,3,,2
WÄ…â„“Ò¡Ã¯Å‹É  Ä‘ÎµÄ…Ä‘âœŸ,8,3,3.779297,0.351562,1.184876,-28.814537,0.000000,74,94,26,5,26,5,false,zafar supari,3,,2
WÄ…â„“Ò¡Ã¯Å‹É  Ä‘ÎµÄ…Ä‘âœŸ,8,3,3.559570,0.351562,2.590635,-43.505352,0.000000,48,88,26,5,26,5,false,zafar supari,3,,2
WÄ…â„“Ò¡Ã¯Å‹É  Ä‘ÎµÄ…Ä‘âœŸ,8,3,2.504883,0.395508,0.272389,-4.574314,0.000000,22,82,26,5,26,5,false,zafar supari,3,,2
zafar supari,3,2,179.445190,1.043701,0.000000,0.000000,0.000000,0,100,129,0,100,0,false,WÄ…â„“Ò¡Ã¯Å‹É  Ä‘ÎµÄ…Ä‘âœŸ,8,,1
Pallav jani from pak,12,2,189.739380,37.122803,0.000000,-4.397222,81.081512,74,94,26,5,26,5,true,xD,11,,5
Pallav jani from pak,12,2,189.739380,37.122803,-6.099789,29.391800,-118.918488,48,88,26,5,26,5,true,xD,11,,5
Pallav jani from pak,12,2,189.739380,37.122803,-18.269758,33.072964,-193.918488,22,82,26,5,26,5,true,xD,11,,2
Pallav jani from pak,12,2,189.739380,37.122803,-35.602528,30.099144,0.000000,0,76,26,5,22,5,false,xD,11,,2
WÄ…â„“Ò¡Ã¯Å‹É  Ä‘ÎµÄ…Ä‘âœŸ,8,3,319.685669,1.906128,0.000000,0.000000,0.000000,0,98,110,1,100,1,false,zafar supari,3,,2
zafar supari,3,2,180.335083,4.229736,-105.011772,9.815587,0.000000,73,94,27,5,27,5,false,WÄ…â„“Ò¡Ã¯Å‹É  Ä‘ÎµÄ…Ä‘âœŸ,8,,3
zafar supari,3,2,182.697144,5.059204,-38.477325,3.596526,0.000000,51,89,22,4,22,4,false,WÄ…â„“Ò¡Ã¯Å‹É  Ä‘ÎµÄ…Ä‘âœŸ,8,,2
zafar supari,3,2,184.400024,5.169067,0.000000,0.000000,0.000000,24,83,27,5,27,5,false,WÄ…â„“Ò¡Ã¯Å‹É  Ä‘ÎµÄ…Ä‘âœŸ,8,,3
zafar supari,3,2,182.971802,4.784546,0.000000,0.000000,0.000000,2,78,22,4,22,4,false,WÄ…â„“Ò¡Ã¯Å‹É  Ä‘ÎµÄ…Ä‘âœŸ,8,,2
zafar supari,3,2,183.246460,4.839478,0.000000,0.000000,0.000000,0,73,22,4,2,4,false,WÄ…â„“Ò¡Ã¯Å‹É  Ä‘ÎµÄ…Ä‘âœŸ,8,,2
zafar supari,3,2,175.155029,2.197266,-133.222382,84.618729,0.000000,78,95,22,4,22,4,false,WÄ…â„“Ò¡Ã¯Å‹É  Ä‘ÎµÄ…Ä‘âœŸ,8,,2
zafar supari,3,2,172.133789,2.416992,-9.950495,55.349159,0.000000,56,90,22,4,22,4,false,WÄ…â„“Ò¡Ã¯Å‹É  Ä‘ÎµÄ…Ä‘âœŸ,8,,2
zafar supari,3,2,168.063354,2.416992,3.436700,45.869755,0.000000,34,85,22,4,22,4,false,WÄ…â„“Ò¡Ã¯Å‹É  Ä‘ÎµÄ…Ä‘âœŸ,8,,2
zafar supari,3,2,154.368896,1.483154,-10.090483,-21.104351,0.000000,7,79,27,5,27,5,false,WÄ…â„“Ò¡Ã¯Å‹É  Ä‘ÎµÄ…Ä‘âœŸ,8,,3
zafar supari,3,2,154.368896,1.483154,-8.225012,-17.149040,0.000000,0,74,22,4,7,4,false,WÄ…â„“Ò¡Ã¯Å‹É  Ä‘ÎµÄ…Ä‘âœŸ,8,,2
WÄ…â„“Ò¡Ã¯Å‹É  Ä‘ÎµÄ…Ä‘âœŸ,8,3,291.802368,9.635010,63.102116,-238.549011,-54.256622,78,100,22,0,22,0,true,zafar supari,3,,7
WÄ…â„“Ò¡Ã¯Å‹É  Ä‘ÎµÄ…Ä‘âœŸ,8,3,16.803589,9.635010,250.111786,58.912785,-304.256622,56,100,22,0,22,0,true,zafar supari,3,,7
WÄ…â„“Ò¡Ã¯Å‹É  Ä‘ÎµÄ…Ä‘âœŸ,8,3,144.316406,9.239502,-44.222908,-49.861359,0.000000,33,96,23,3,23,3,false,zafar supari,3,,4
WÄ…â„“Ò¡Ã¯Å‹É  Ä‘ÎµÄ…Ä‘âœŸ,8,3,143.305664,9.107666,-32.588924,-37.646114,142.474167,11,96,22,0,22,0,true,zafar supari,3,,7
WÄ…â„“Ò¡Ã¯Å‹É  Ä‘ÎµÄ…Ä‘âœŸ,8,3,246.533203,2.944336,77.016083,-55.853905,0.000000,0,96,22,0,11,0,false,zafar supari,3,,6
Pallav jani from pak,12,2,147.315674,359.945068,-119.570633,180.523071,0.000000,0,100,123,0,100,0,false,WÄ…â„“Ò¡Ã¯Å‹É  Ä‘ÎµÄ…Ä‘âœŸ,8,,1
UwU,14,3,138.213501,0.000000,-207.566162,34.164391,0.000000,77,0,23,0,23,0,false,MoK,19,,2
UwU,14,3,98.838501,0.000000,-54.307812,101.045921,0.000000,54,0,23,0,23,0,false,MoK,19,,2
UwU,14,3,52.904663,0.000000,26.915712,77.948509,0.000000,31,0,23,0,23,0,false,MoK,19,,8
UwU,14,3,0.401001,0.000000,79.601013,26.716045,0.000000,0,0,92,0,31,0,false,MoK,19,,1
zafar supari,3,2,99.332886,1.153564,-114.651375,2.365908,0.000000,0,100,107,0,100,0,false,xD,11,,1
xD,11,3,274.262695,2.065430,24.645674,-1.312601,0.000000,24,0,76,0,76,0,false,MoK,19,,1
xD,11,3,269.225464,1.549072,24.480291,-0.144446,0.000000,0,0,76,0,24,0,false,MoK,19,,1
WÄ…â„“Ò¡Ã¯Å‹É  Ä‘ÎµÄ…Ä‘âœŸ,8,3,249.395142,5.366821,0.000000,-142.006546,0.000000,13,100,87,0,87,0,false,MoK,19,,1
WÄ…â„“Ò¡Ã¯Å‹É  Ä‘ÎµÄ…Ä‘âœŸ,8,3,250.801392,6.333618,-19.477762,6.782880,0.000000,0,100,87,0,13,0,false,MoK,19,,1
MoK,19,2,87.225952,3.444214,218.407318,-11.471595,0.000000,74,99,26,0,26,0,false,ğ“¹,13,,2
MoK,19,2,86.951294,1.444702,25.777645,-1.340841,0.000000,48,98,26,0,26,0,false,ğ“¹,13,,2
dodo,9,2,108.847046,352.633667,4.829319,27.081739,0.000000,0,100,161,0,100,0,false,ğ“¹,13,,1
ğ“¹,13,3,212.217407,358.132324,27.144386,-73.337730,0.000000,25,0,75,0,75,0,false,MoK,19,,1
ğ“¹,13,3,214.030151,358.187256,18.734842,-28.931644,0.000000,0,0,120,0,25,0,false,MoK,19,,1
â˜ ,10,3,295.290527,1.483154,218.167557,64.769363,0.000000,0,100,120,0,100,0,false,MoK,19,,1
Pallav jani from pak,12,2,129.006958,359.571533,-81.609276,202.736862,0.000000,58,98,42,1,42,1,false,ğ“¹,13,,2
Pallav jani from pak,12,2,79.288330,1.840210,-97.539055,32.144958,0.000000,15,96,43,1,43,1,false,ğ“¹,13,,2
Pallav jani from pak,12,2,54.206543,356.588745,-66.793732,39.980209,0.000000,0,96,182,0,15,0,false,ğ“¹,13,,1
MoK,19,2,212.838135,0.538330,48.059189,-107.418648,0.000000,99,100,1,0,1,0,false,â˜ ,10,,0
MoK,19,2,211.679077,0.670166,0.000000,0.000000,0.000000,97,100,2,0,2,0,false,â˜ ,10,,0
MoK,19,2,210.904541,0.549316,-37.383430,62.501312,0.000000,94,100,3,0,3,0,false,â˜ ,10,,0
MoK,19,2,211.030884,0.477905,-16.010149,26.745249,0.000000,90,100,4,0,4,0,false,â˜ ,10,,0
MoK,19,2,211.316528,0.466919,0.000000,0.000000,0.000000,86,100,4,0,4,0,false,â˜ ,10,,0
MoK,19,2,211.640625,0.494385,10.368814,-16.827585,0.000000,81,100,5,0,5,0,false,â˜ ,10,,0
MoK,19,2,210.443115,0.802002,79.951416,-134.437439,0.000000,75,100,6,0,6,0,false,â˜ ,10,,0
MoK,19,2,185.465698,357.731323,1.880870,-196.830627,0.000000,68,100,7,0,7,0,false,â˜ ,10,,0
MoK,19,2,182.169800,0.620728,0.000000,0.000000,0.000000,60,100,8,0,8,0,false,â˜ ,10,,0
MoK,19,2,176.649170,3.669434,0.000000,-0.426653,0.000000,52,100,8,0,8,0,false,â˜ ,10,,0
MoK,19,2,169.315796,3.757324,0.000000,119.449005,0.000000,44,100,8,0,8,0,false,â˜ ,10,,0
MoK,19,2,169.315796,3.757324,0.000000,138.095566,0.000000,0,92,90,7,44,7,false,ğ“¹,13,,3
WÄ…â„“Ò¡Ã¯Å‹É  Ä‘ÎµÄ…Ä‘âœŸ,8,3,315.867920,355.160522,0.000000,0.000000,0.000000,27,93,73,6,73,6,false,dodo,9,,2
dodo,9,2,217.908325,8.849487,-130.722290,17.995554,0.000000,0,0,118,0,100,0,false,â˜ ,10,,1
zafar supari,3,2,245.994873,9.536133,111.839157,-49.988041,0.000000,70,0,30,0,30,0,false,â˜ ,10,,2
zafar supari,3,2,245.994873,9.536133,96.248459,-42.943863,0.000000,0,0,86,0,70,0,false,ğ“¹,13,,2
gamingblunder,6,2,265.083618,8.629761,-12.343917,-129.412628,0.000000,0,0,106,0,100,0,false,xD,11,,3
zafar supari,3,2,174.270630,6.377563,-244.981186,3.036750,0.000000,63,100,37,0,37,0,false,xD,11,,6
xD,11,3,70.180664,356.028442,86.174232,-40.567574,0.000000,0,96,244,3,100,3,false,MoK,19,,1
ğ“¹,13,3,157.428589,357.681885,62.828465,150.920929,0.000000,91,99,9,0,9,0,false,MoK,19,,1
Pallav jani from pak,12,2,255.783691,357.143555,-212.916046,-49.538506,0.000000,95,100,5,0,5,0,false,â˜ ,10,,0
Pallav jani from pak,12,2,284.710693,359.835205,-228.342560,-27.562134,0.000000,89,100,6,0,6,0,false,â˜ ,10,,0
dodo,9,2,288.621826,3.845215,-11.827549,1.658084,0.000000,56,85,44,14,44,14,false,WÄ…â„“Ò¡Ã¯Å‹É  Ä‘ÎµÄ…Ä‘âœŸ,8,,0
WÄ…â„“Ò¡Ã¯Å‹É  Ä‘ÎµÄ…Ä‘âœŸ,8,3,97.388306,2.180786,-213.655014,68.258347,0.000000,82,93,18,6,18,6,false,dodo,9,,2
WÄ…â„“Ò¡Ã¯Å‹É  Ä‘ÎµÄ…Ä‘âœŸ,8,3,123.348999,2.268677,-107.603897,-14.738983,0.000000,0,91,110,1,82,1,false,MoK,19,,2
â˜ ,10,3,155.659790,0.428467,3.717774,-208.175003,0.000000,82,93,18,6,18,6,false,dodo,9,,3
â˜ ,10,3,154.066772,0.208740,43.233829,88.909943,0.000000,0,91,109,1,82,1,false,MoK,19,,2
UwU,14,3,357.187500,0.000000,182.228271,103.797997,0.000000,35,0,65,0,65,0,false,Pallav jani from pak,12,,0
UwU,14,3,127.496338,0.000000,-144.041779,86.395317,0.000000,0,0,180,0,35,0,false,Pallav jani from pak,12,,0
Pallav jani from pak,12,2,87.973022,0.933838,-62.196938,9.937605,0.000000,36,94,46,1,46,1,false,ğ“¹,13,,2
Pallav jani from pak,12,2,178.511353,0.494385,-190.741287,72.659294,0.000000,0,84,141,15,100,15,false,xD,11,,1
MoK,19,2,197.622070,9.168091,-187.004745,70.917053,0.000000,0,72,105,11,100,11,false,xD,11,,1
zafar supari,3,2,180.571289,357.967529,162.531494,0.096158,0.000000,68,95,32,3,32,3,false,xD,11,,3
WÄ…â„“Ò¡Ã¯Å‹É  Ä‘ÎµÄ…Ä‘âœŸ,8,3,354.429932,350.189209,-159.892319,137.285477,0.000000,99,100,1,0,1,0,false,zafar supari,3,,0
dodo,9,2,158.961182,8.964844,181.941116,-83.050743,0.000000,73,97,27,2,27,2,false,xD,11,,3
dodo,9,2,158.961182,8.964844,56.904034,22.826162,0.000000,30,92,43,4,43,4,false,xD,11,,2
zafar supari,3,2,336.335449,7.970581,0.000000,-50.957798,0.000000,19,89,49,5,49,5,false,xD,11,,2
zafar supari,3,2,342.328491,7.311401,0.000000,-82.578819,-168.750000,0,85,37,3,19,3,true,xD,11,,3
dodo,9,2,161.932983,9.678955,133.440948,-46.315243,0.000000,0,92,171,0,30,0,false,ğ“¹,13,,1
gamingblunder,6,2,130.654907,355.825195,0.000000,0.000000,0.000000,44,0,56,0,56,0,false,xD,11,,1
gamingblunder,6,2,130.654907,355.825195,0.000000,0.000000,0.000000,18,0,26,0,26,0,false,xD,11,,3
gamingblunder,6,2,130.654907,355.825195,0.000000,0.000000,0.000000,0,0,62,0,18,0,false,xD,11,,3
MoK,19,2,205.263062,9.338379,-66.043503,-58.148308,0.000000,50,100,50,0,50,0,false,ğ“¹,13,,6
ğ“¹,13,3,32.382202,354.688110,-14.929567,23.539831,0.000000,0,82,111,11,100,11,false,MoK,19,,1
dodo,9,2,200.835571,20.132446,-220.073166,-21.349575,-204.256622,59,0,41,0,41,0,true,xD,11,,3
â˜ ,10,3,154.050293,8.300171,0.000000,0.000000,0.000000,0,100,187,0,100,0,false,MoK,19,,1
dodo,9,2,259.024658,9.794312,-29.224285,-71.362816,0.000000,0,0,96,0,59,0,false,xD,11,,3
gamingblunder,6,2,89.939575,359.945068,0.000000,0.000000,0.000000,0,0,140,0,100,0,false,WÄ…â„“Ò¡Ã¯Å‹É  Ä‘ÎµÄ…Ä‘âœŸ,8,,1
Pallav jani from pak,12,2,229.334106,6.542358,-217.066315,54.380852,0.000000,0,88,111,11,100,11,false,xD,11,,1
zafar supari,3,2,244.160156,11.107178,-191.700485,81.262756,0.000000,49,0,51,0,51,0,false,xD,11,,1
zafar supari,3,2,244.160156,11.107178,-83.810837,39.675964,0.000000,12,0,37,0,37,0,false,xD,11,,2
zafar supari,3,2,244.160156,11.107178,-3.438632,1.652489,0.000000,0,0,96,0,12,0,false,xD,11,,3
MoK,19,2,297.789917,7.965088,-36.486515,-18.258545,0.000000,6,95,44,4,44,4,false,xD,11,,1
MoK,19,2,300.866089,8.036499,-10.297197,-6.132528,0.000000,0,93,14,1,6,1,false,xD,11,,3
â˜ ,10,3,34.233398,0.620728,0.000000,0.000000,0.000000,83,94,17,5,17,5,false,dodo,9,,0
Pallav jani from pak,12,2,93.762817,25.460815,-192.983154,0.000000,0.000000,60,95,40,4,40,4,false,xD,11,,3
Pallav jani from pak,12,2,93.762817,25.460815,-43.114128,43.579662,0.000000,0,61,67,33,60,33,false,ğ“¹,13,,1
â˜ ,10,3,34.183960,0.609741,-6.005307,8.840752,0.000000,0,94,331,0,83,0,false,MoK,19,,1
gamingblunder,6,2,140.998535,0.000000,0.000000,0.000000,0.000000,0,0,140,0,100,0,false,WÄ…â„“Ò¡Ã¯Å‹É  Ä‘ÎµÄ…Ä‘âœŸ,8,,1
ğ“¹,13,3,345.190430,12.282715,0.000000,0.000000,0.000000,82,93,18,6,18,6,false,zafar supari,3,,0
xD,11,3,160.570679,88.994751,171.282593,-120.619293,0.000000,97,98,3,1,3,1,false,zafar supari,3,,0
xD,11,3,179.934082,88.994751,-2.935763,0.000000,0.000000,89,98,8,0,8,0,false,dodo,9,,0
xD,11,3,183.499146,88.994751,-17.813807,0.000000,0.000000,81,98,8,0,8,0,false,dodo,9,,0
xD,11,3,186.042480,88.994751,26.552433,99.094299,0.000000,73,98,8,0,8,0,false,dodo,9,,0
ğ“¹,13,3,355.896606,11.535645,-4.819281,-70.459938,0.000000,65,91,17,1,17,1,false,MoK,19,,1
WÄ…â„“Ò¡Ã¯Å‹É  Ä‘ÎµÄ…Ä‘âœŸ,8,3,248.856812,359.252930,-200.275894,78.195694,0.000000,87,98,13,1,13,1,false,MoK,19,,1
MoK,19,2,174.874878,349.760742,-8.636030,-98.485268,0.000000,73,96,27,3,27,3,false,WÄ…â„“Ò¡Ã¯Å‹É  Ä‘ÎµÄ…Ä‘âœŸ,8,,2
MoK,19,2,176.813965,350.255127,5.649646,93.904602,0.000000,39,91,34,4,34,4,false,WÄ…â„“Ò¡Ã¯Å‹É  Ä‘ÎµÄ…Ä‘âœŸ,8,,3
MoK,19,2,176.846924,350.255127,2.203198,36.620075,0.000000,12,87,27,3,27,3,false,WÄ…â„“Ò¡Ã¯Å‹É  Ä‘ÎµÄ…Ä‘âœŸ,8,,2
MoK,19,2,176.813965,350.222168,-4.019209,-73.422417,0.000000,0,83,27,3,12,3,false,WÄ…â„“Ò¡Ã¯Å‹É  Ä‘ÎµÄ…Ä‘âœŸ,8,,2
WÄ…â„“Ò¡Ã¯Å‹É  Ä‘ÎµÄ…Ä‘âœŸ,8,3,240.496216,5.586548,11.934954,-6.810678,0.000000,74,90,13,7,13,7,false,zafar supari,3,,2
zafar supari,3,2,70.900269,3.405762,-28.509558,195.892914,0.000000,65,0,35,0,35,0,false,WÄ…â„“Ò¡Ã¯Å‹É  Ä‘ÎµÄ…Ä‘âœŸ,8,,2
WÄ…â„“Ò¡Ã¯Å‹É  Ä‘ÎµÄ…Ä‘âœŸ,8,3,252.114258,9.547119,83.764374,-24.145689,0.000000,61,82,13,7,13,7,false,zafar supari,3,,2
zafar supari,3,2,60.342407,3.186035,-39.025757,129.833923,0.000000,30,0,35,0,35,0,false,WÄ…â„“Ò¡Ã¯Å‹É  Ä‘ÎµÄ…Ä‘âœŸ,8,,2
zafar supari,3,2,59.683228,6.267700,59.383743,-0.980629,0.000000,0,0,35,0,30,0,false,WÄ…â„“Ò¡Ã¯Å‹É  Ä‘ÎµÄ…Ä‘âœŸ,8,,5
dodo,9,2,354.600220,21.225586,143.007721,-192.740219,0.000000,0,98,110,1,100,1,false,xD,11,,2
MoK,19,2,214.085083,359.291382,4.652640,-7.433249,0.000000,0,94,432,5,100,5,false,â˜ ,10,,1
dodo,9,2,187.064209,358.901367,30.770807,-230.221054,0.000000,0,0,312,0,100,0,false,xD,11,,1
Pallav jani from pak,12,2,266.055908,5.223999,36.996326,-266.791931,-242.778168,0,100,312,0,100,0,true,xD,11,,1
zafar supari,3,2,183.279419,0.988770,-35.741413,5.643311,0.000000,0,0,315,0,100,0,false,xD,11,,1
gamingblunder,6,2,90.000000,0.000000,0.000000,0.000000,0.000000,0,0,312,0,100,0,false,xD,11,,1
xD,11,3,199.945679,88.994751,-0.399687,184.223282,0.000000,97,96,3,1,3,1,false,â˜ ,10,,0
zafar supari,3,2,228.460693,4.284668,0.000000,-156.792435,0.000000,0,98,110,1,100,1,false,â˜ ,10,,2
â˜ ,10,3,21.813354,4.916382,168.565994,107.635979,0.000000,0,100,185,0,100,0,false,Pallav jani from pak,12,,1
gamingblunder,6,2,227.005005,0.000000,0.000000,0.000000,0.000000,0,0,138,0,100,0,false,WÄ…â„“Ò¡Ã¯Å‹É  Ä‘ÎµÄ…Ä‘âœŸ,8,,1
Pallav jani from pak,12,2,263.210449,358.352051,-226.870758,37.810841,0.000000,0,100,313,0,100,0,false,xD,11,,1
MoK,19,2,189.135132,359.609985,16.319445,-100.586304,0.000000,93,99,7,0,7,0,false,xD,11,,3
ğ“¹,13,3,287.259521,4.619751,-5.730436,4.335617,0.000000,86,86,14,4,14,4,false,MoK,19,,0
MoK,19,2,189.431763,359.505615,0.527610,-3.175212,0.000000,0,71,258,27,93,27,false,xD,11,,1
WÄ…â„“Ò¡Ã¯Å‹É  Ä‘ÎµÄ…Ä‘âœŸ,8,3,211.618652,359.472656,-166.830933,-135.357147,0.000000,73,98,27,1,27,1,false,dodo,9,,2
dodo,9,2,359.653931,1.922607,-0.799115,-91.245392,0.000000,65,0,35,0,35,0,false,WÄ…â„“Ò¡Ã¯Å‹É  Ä‘ÎµÄ…Ä‘âœŸ,8,,2
WÄ…â„“Ò¡Ã¯Å‹É  Ä‘ÎµÄ…Ä‘âœŸ,8,3,169.282837,359.384766,-10.469866,1.002042,0.000000,39,96,34,1,34,1,false,dodo,9,,3
dodo,9,2,357.945557,3.845215,-3.279495,113.024696,0.000000,30,0,35,0,35,0,false,WÄ…â„“Ò¡Ã¯Å‹É  Ä‘ÎµÄ…Ä‘âœŸ,8,,2
WÄ…â„“Ò¡Ã¯Å‹É  Ä‘ÎµÄ…Ä‘âœŸ,8,3,186.448975,6.113892,1.993777,-17.650537,0.000000,0,90,110,5,39,5,false,dodo,9,,1
xD,11,3,281.123657,88.994751,2.177539,38.392467,0.000000,46,78,51,17,51,17,false,dodo,9,,0
dodo,9,2,225.120850,7.476196,146.731735,-103.932175,0.000000,0,0,78,0,30,0,false,xD,11,,2
WÄ…â„“Ò¡Ã¯Å‹É  Ä‘ÎµÄ…Ä‘âœŸ,8,2,210.646362,0.483398,14.180716,-62.526463,0.000000,67,98,33,1,33,1,false,zafar supari,3,,2
WÄ…â„“Ò¡Ã¯Å‹É  Ä‘ÎµÄ…Ä‘âœŸ,8,2,210.646362,0.483398,14.180716,-62.526463,0.000000,34,98,33,0,33,0,false,MoK,19,,1
WÄ…â„“Ò¡Ã¯Å‹É  Ä‘ÎµÄ…Ä‘âœŸ,8,2,178.610229,0.703125,50.700348,-145.906967,0.000000,0,98,144,0,34,0,false,MoK,19,,1
ğ“¹,13,2,241.188354,12.584839,0.000000,156.325211,0.000000,15,0,85,0,85,0,false,MoK,19,,1
ğ“¹,13,2,258.112793,7.454224,12.659480,-2.667645,0.000000,0,0,173,0,15,0,false,MoK,19,,1
Pallav jani from pak,12,3,1.049194,10.283203,-13.439325,203.083206,0.000000,0,100,100,0,100,0,false,xD,11,,1
zafar supari,3,3,30.591431,2.482910,163.209488,146.475571,0.000000,3,0,97,0,97,0,false,xD,11,,1
zafar supari,3,3,30.866089,1.598511,23.754986,-39.737907,0.000000,0,0,31,0,3,0,false,xD,11,,3
â˜ ,10,2,248.126221,359.230957,-225.485077,-29.339535,0.000000,0,0,101,0,100,0,false,MoK,19,,1
dodo,9,3,358.505859,3.076172,156.993378,-168.086533,0.000000,9,0,91,0,91,0,false,xD,11,,1
dodo,9,3,6.251221,1.483154,81.701775,-75.851295,0.000000,0,0,28,0,9,0,false,xD,11,,3
MoK,19,3,47.499390,1.290894,0.000000,0.000000,0.000000,0,100,113,0,100,0,false,xD,11,,1
gamingblunder,6,3,0.000000,0.000000,0.000000,0.000000,0.000000,0,0,160,0,100,0,false,xD,11,,1
xD,11,2,30.866089,88.994751,-161.507294,77.112389,0.000000,0,87,142,12,100,12,false,MoK,19,,1
ğ“¹,13,2,192.579346,358.176270,-18.450775,84.056099,0.000000,0,89,113,10,100,10,false,MoK,19,,1
gamingblunder,6,3,0.000000,0.000000,0.000000,0.000000,0.000000,78,0,22,0,22,0,false,WÄ…â„“Ò¡Ã¯Å‹É  Ä‘ÎµÄ…Ä‘âœŸ,8,,2
MoK,19,3,322.415771,338.450317,228.102158,29.485712,0.000000,99,100,1,0,1,0,false,â˜ ,10,,0
gamingblunder,6,3,0.000000,0.000000,0.000000,0.000000,0.000000,56,0,22,0,22,0,false,WÄ…â„“Ò¡Ã¯Å‹É  Ä‘ÎµÄ…Ä‘âœŸ,8,,2
gamingblunder,6,3,0.000000,0.000000,0.000000,0.000000,0.000000,34,0,22,0,22,0,false,WÄ…â„“Ò¡Ã¯Å‹É  Ä‘ÎµÄ…Ä‘âœŸ,8,,2
gamingblunder,6,3,0.000000,0.000000,0.000000,0.000000,0.000000,13,0,21,0,21,0,false,WÄ…â„“Ò¡Ã¯Å‹É  Ä‘ÎµÄ…Ä‘âœŸ,8,,2
gamingblunder,6,3,0.000000,0.000000,0.000000,0.000000,0.000000,0,0,27,0,13,0,false,WÄ…â„“Ò¡Ã¯Å‹É  Ä‘ÎµÄ…Ä‘âœŸ,8,,3
â˜ ,10,2,142.959595,15.012817,138.453583,160.393784,-56.250000,0,100,349,0,100,0,true,MoK,19,,1
MoK,19,3,227.647705,351.826172,-188.702637,-100.218857,0.000000,93,100,6,0,6,0,false,â˜ ,10,,0
MoK,19,3,228.663940,352.875366,-180.826859,-159.225677,0.000000,86,100,7,0,7,0,false,â˜ ,10,,0
MoK,19,3,170.321045,3.554077,-232.498672,11.396935,0.000000,78,100,8,0,8,0,false,â˜ ,10,,0
MoK,19,3,169.612427,3.218994,-247.661987,34.110699,0.000000,70,100,8,0,8,0,false,â˜ ,10,,0
MoK,19,3,171.183472,2.384033,-247.198349,37.322582,0.000000,62,100,8,0,8,0,false,â˜ ,10,,0
MoK,19,3,178.302612,2.664185,-249.165527,20.409138,0.000000,54,100,8,0,8,0,false,â˜ ,10,,0
dodo,9,3,245.989380,9.898682,-148.399796,-22.584915,-38.182068,80,0,20,0,20,0,true,WÄ…â„“Ò¡Ã¯Å‹É  Ä‘ÎµÄ…Ä‘âœŸ,8,,2
WÄ…â„“Ò¡Ã¯Å‹É  Ä‘ÎµÄ…Ä‘âœŸ,8,2,70.823364,9.898682,95.089043,-29.580641,0.000000,74,98,26,1,26,1,false,dodo,9,,3
WÄ…â„“Ò¡Ã¯Å‹É  Ä‘ÎµÄ…Ä‘âœŸ,8,2,74.163208,2.197266,34.886230,-17.981720,0.000000,53,96,21,1,21,1,false,dodo,9,,2
Pallav jani from pak,12,3,283.859253,359.340820,-134.995758,-102.484367,0.000000,87,95,13,4,13,4,false,WÄ…â„“Ò¡Ã¯Å‹É  Ä‘ÎµÄ…Ä‘âœŸ,8,,2
Pallav jani from pak,12,3,284.024048,359.340820,-7.009308,-56.309246,0.000000,71,88,16,6,16,6,false,WÄ…â„“Ò¡Ã¯Å‹É  Ä‘ÎµÄ…Ä‘âœŸ,8,,3
dodo,9,3,259.134521,2.307129,0.000000,0.000000,0.000000,75,0,5,0,5,0,false,WÄ…â„“Ò¡Ã¯Å‹É  Ä‘ÎµÄ…Ä‘âœŸ,8,,3
Pallav jani from pak,12,3,284.024048,359.340820,-10.663334,-48.077530,0.000000,58,83,13,4,13,4,false,WÄ…â„“Ò¡Ã¯Å‹É  Ä‘ÎµÄ…Ä‘âœŸ,8,,2
dodo,9,3,259.793701,2.087402,0.000000,0.000000,0.000000,70,0,5,0,5,0,false,WÄ…â„“Ò¡Ã¯Å‹É  Ä‘ÎµÄ…Ä‘âœŸ,8,,3
Pallav jani from pak,12,3,257.514038,1.153564,41.928032,-91.715416,0.000000,0,83,94,0,58,0,false,WÄ…â„“Ò¡Ã¯Å‹É  Ä‘ÎµÄ…Ä‘âœŸ,8,,1
WÄ…â„“Ò¡Ã¯Å‹É  Ä‘ÎµÄ…Ä‘âœŸ,8,2,81.732788,5.806274,35.859032,-5.437260,0.000000,32,94,21,1,21,1,false,dodo,9,,2
WÄ…â„“Ò¡Ã¯Å‹É  Ä‘ÎµÄ…Ä‘âœŸ,8,2,29.371948,5.234985,71.379166,-57.118896,0.000000,6,92,26,1,26,1,false,dodo,9,,3
WÄ…â„“Ò¡Ã¯Å‹É  Ä‘ÎµÄ…Ä‘âœŸ,8,2,357.390747,5.542603,27.576220,-71.319016,0.000000,0,90,26,1,6,1,false,dodo,9,,3
UwU,14,2,171.216431,359.945068,0.000000,0.000000,0.000000,0,0,339,0,100,0,false,MoK,19,,1
Pallav jani from pak,12,3,292.241821,17.539673,119.013451,-239.700073,-443.750000,0,74,291,25,100,25,true,ğ“¹,13,,1
zafar supari,3,3,349.920044,348.969727,0.000000,0.000000,0.000000,0,98,111,1,100,1,false,UwU,14,,2
ğ“¹,13,2,216.353760,359.560547,-32.143353,43.711304,0.000000,66,100,34,0,34,0,false,MoK,19,,1
â˜ ,10,2,217.985229,348.618164,97.686172,149.846146,0.000000,0,100,169,0,100,0,false,MoK,19,,1
dodo,9,3,11.469727,340.751953,76.351692,138.046494,0.000000,0,0,112,0,100,0,false,UwU,14,,2
UwU,14,2,190.118408,7.047729,8.216208,-46.696266,0.000000,59,96,41,3,41,3,false,MoK,19,,5
MoK,19,3,37.051392,0.483398,0.000000,0.000000,0.000000,99,100,1,0,1,0,false,â˜ ,10,,0
MoK,19,3,37.051392,0.483398,0.000000,0.000000,0.000000,97,100,2,0,2,0,false,â˜ ,10,,0
MoK,19,3,37.051392,0.483398,0.000000,0.000000,0.000000,94,100,3,0,3,0,false,â˜ ,10,,0
MoK,19,3,37.051392,0.483398,0.000000,0.000000,0.000000,90,100,4,0,4,0,false,â˜ ,10,,0
MoK,19,3,37.051392,0.483398,0.000000,0.000000,0.000000,13,93,77,6,77,6,false,xD,11,,1
MoK,19,3,37.051392,0.483398,0.000000,0.000000,0.000000,9,93,4,0,4,0,false,â˜ ,10,,0
UwU,14,2,198.511963,6.893921,-11.151912,34.324871,0.000000,8,78,51,17,51,17,false,dodo,9,,0
MoK,19,3,37.051392,0.483398,0.000000,0.000000,0.000000,4,93,5,0,5,0,false,â˜ ,10,,0
MoK,19,3,37.051392,0.483398,0.000000,0.000000,0.000000,0,93,6,0,4,0,false,â˜ ,10,,0
gamingblunder,6,3,316.774292,357.802734,90.930992,-85.478607,0.000000,71,0,29,0,29,0,false,WÄ…â„“Ò¡Ã¯Å‹É  Ä‘ÎµÄ…Ä‘âœŸ,8,,2
gamingblunder,6,3,316.774292,357.802734,35.452435,-33.326946,0.000000,35,0,36,0,36,0,false,WÄ…â„“Ò¡Ã¯Å‹É  Ä‘ÎµÄ…Ä‘âœŸ,8,,3
gamingblunder,6,3,316.774292,357.802734,25.017082,-23.517252,0.000000,7,0,28,0,28,0,false,WÄ…â„“Ò¡Ã¯Å‹É  Ä‘ÎµÄ…Ä‘âœŸ,8,,4
gamingblunder,6,3,316.774292,357.802734,22.888254,-21.516056,0.000000,0,0,21,0,7,0,false,WÄ…â„“Ò¡Ã¯Å‹É  Ä‘ÎµÄ…Ä‘âœŸ,8,,6
ğ“¹,13,2,204.417114,8.585815,-252.798355,-78.195374,-179.256622,70,97,30,2,30,2,true,UwU,14,,0
WÄ…â„“Ò¡Ã¯Å‹É  Ä‘ÎµÄ…Ä‘âœŸ,8,2,218.430176,358.945312,-138.130737,0.000000,0.000000,71,98,29,1,29,1,false,zafar supari,3,,2
zafar supari,3,3,42.182007,2.526855,0.000000,0.000000,0.000000,79,0,21,0,21,0,false,WÄ…â„“Ò¡Ã¯Å‹É  Ä‘ÎµÄ…Ä‘âœŸ,8,,6
WÄ…â„“Ò¡Ã¯Å‹É  Ä‘ÎµÄ…Ä‘âœŸ,8,2,222.214966,0.703125,-4.907851,0.000000,0.000000,42,96,29,1,29,1,false,zafar supari,3,,4
WÄ…â„“Ò¡Ã¯Å‹É  Ä‘ÎµÄ…Ä‘âœŸ,8,2,221.863403,0.395508,27.909880,-30.675856,0.000000,5,94,37,1,37,1,false,zafar supari,3,,3
zafar supari,3,3,42.896118,3.021240,0.000000,0.000000,0.000000,44,0,35,0,35,0,false,WÄ…â„“Ò¡Ã¯Å‹É  Ä‘ÎµÄ…Ä‘âœŸ,8,,3
WÄ…â„“Ò¡Ã¯Å‹É  Ä‘ÎµÄ…Ä‘âœŸ,8,2,222.390747,2.460938,-4.924448,5.395208,0.000000,0,92,36,1,5,1,false,zafar supari,3,,3
â˜ ,10,2,201.280518,357.308350,0.000000,0.000000,0.000000,60,0,40,0,40,0,false,Pallav jani from pak,12,,2
â˜ ,10,2,198.314209,359.340820,0.000000,0.000000,0.000000,20,0,40,0,40,0,false,Pallav jani from pak,12,,2
â˜ ,10,2,198.314209,359.340820,0.000000,0.000000,0.000000,0,0,159,0,20,0,false,Pallav jani from pak,12,,1
UwU,14,2,136.812744,8.668213,0.000000,0.000000,0.000000,2,69,98,8,98,8,false,ğ“¹,13,,1
Pallav jani from pak,12,3,13.870239,1.702881,0.000000,0.000000,0.000000,0,94,440,5,100,5,false,UwU,14,,1
ğ“¹,13,2,11.579590,358.434448,0.000000,73.653183,0.000000,0,97,243,0,70,0,false,MoK,19,,1
UwU,14,2,109.665527,2.136841,64.846504,42.261116,0.000000,0,41,259,27,2,27,false,MoK,19,,1
xD,11,2,99.602051,88.994751,-14.167852,47.611389,0.000000,37,93,63,6,63,6,false,MoK,19,,2
xD,11,2,99.981079,88.994751,-26.059465,22.882309,0.000000,0,84,79,8,37,8,false,MoK,19,,3
MoK,19,3,290.324707,356.676636,80.064720,-199.536057,0.000000,70,97,30,2,30,2,false,zafar supari,3,,0
UwU,14,2,162.262573,8.300171,0.000000,0.000000,0.000000,63,0,37,0,37,0,false,MoK,19,,1
zafar supari,3,3,314.291382,346.690063,196.457504,-134.021439,0.000000,18,98,82,1,82,1,false,UwU,14,,2
UwU,14,2,174.600220,16.018066,58.062473,151.401413,58.243378,5,0,58,0,58,0,true,zafar supari,3,,0
ğ“¹,13,2,227.021484,6.926880,20.155842,215.346695,20.743378,73,0,27,0,27,0,true,zafar supari,3,,0
zafar supari,3,3,148.381348,7.256470,-212.866577,131.102325,0.000000,0,96,80,1,18,1,false,UwU,14,,3
WÄ…â„“Ò¡Ã¯Å‹É  Ä‘ÎµÄ…Ä‘âœŸ,8,2,244.780884,359.901123,131.917145,2.498698,0.000000,0,72,258,27,100,27,false,MoK,19,,1
UwU,14,2,212.008667,2.406006,79.863319,0.000000,0.000000,0,0,65,0,5,0,false,Pallav jani from pak,12,,0
Pallav jani from pak,12,3,57.183838,6.157837,107.025688,219.519379,0.000000,47,70,53,29,53,29,false,ğ“¹,13,,1
Pallav jani from pak,12,3,57.183838,6.322632,-8.505532,125.336716,0.000000,0,39,54,30,47,30,false,ğ“¹,13,,1
ğ“¹,13,2,233.651733,22.181396,30.309298,235.111343,-54.256622,67,0,6,0,6,0,true,dodo,9,,0
â˜ ,10,2,66.912231,5.663452,-143.250244,49.483566,0.000000,92,100,8,0,8,0,false,â˜ ,10,,0
â˜ ,10,2,53.822021,8.300171,-119.118805,-107.319748,0.000000,84,100,8,0,8,0,false,â˜ ,10,,0
â˜ ,10,2,44.088135,6.762085,-88.747215,-104.309677,0.000000,76,100,8,0,8,0,false,â˜ ,10,,0
â˜ ,10,2,25.059814,6.707153,31.498840,2.318718,0.000000,68,100,8,0,8,0,false,â˜ ,10,,0
â˜ ,10,2,25.883789,6.707153,170.422302,79.385300,0.000000,60,100,8,0,8,0,false,â˜ ,10,,0
ğ“¹,13,2,225.576782,3.081665,-61.420265,55.356842,0.000000,62,0,5,0,5,0,false,MoK,19,,1
MoK,19,3,43.698120,358.126831,-28.743286,28.956238,0.000000,0,94,160,2,70,2,false,ğ“¹,13,,1
ğ“¹,13,2,81.353760,9.398804,0.000000,0.000000,0.000000,30,0,32,0,32,0,false,gamingblunder,6,,2
ğ“¹,13,2,90.318604,9.288940,0.000000,0.000000,0.000000,0,0,32,0,30,0,false,gamingblunder,6,,2
xD,11,2,220.951538,88.994751,-0.620619,-0.785370,0.000000,67,0,33,0,33,0,false,gamingblunder,6,,4
xD,11,2,220.951538,88.994751,-0.620619,-0.785370,0.000000,0,0,133,0,67,0,false,gamingblunder,6,,1
â˜ ,10,2,277.322388,8.311157,0.000000,0.000000,0.000000,0,100,134,0,60,0,false,gamingblunder,6,,1
